netst,stlo,stla
UW.ELW,-121.872673,47.494099
UW.SP2,-122.249229,47.556290
